S.no,Statement,Status
1,oh my gosh,Anxiety
2,"trouble sleeping, confused mind, restless heart. All out of tune",Anxiety
3,"All wrong, back off dear, forward doubt. Stay in a restless place",Anxiety
4,I've shifted my focus to something else but I'm still worried,Anxiety
5,"I'm restless and restless, it's been a month now, boy. What do you mean?",Anxiety
6,"every break, you must be nervous, like something is wrong, but what the heck",Anxiety
7,"I feel scared, anxious, what can I do? And may my family or us be protected :)",Anxiety
8,Have you ever felt nervous but didn't know why?,Anxiety
9,"I haven't slept well for 2 days, it's like I'm restless. why huh :(",Anxiety
10,"I'm really worried, I want to cry",Anxiety
11,"always restless every night, even though I don't know why, what's wrong. Strange",Anxiety
12,"I'm confused, I'm not feeling good lately. Every time I want to sleep, I always feel restless",Anxiety
13,"sometimes what is needed when there is a problem is to laugh until you forget that there is a problem, when you remember it, you feel restless like that well, it turns out that I still have a sad burden",Anxiety
14,Because this worry is you,Anxiety
15,Sometimes it's your own thoughts that make you anxious and afraid to close your eyes until you don't sleep,Anxiety
16,"Every time I wake up, I'm definitely nervous and excited, until when are you going to cry",Anxiety
17,"I can only hope, even though I'm worried if it starts like this",Anxiety
18,restive = restless,Anxiety
19,"No regrets or grudges/angry at things that have passed, and not worrying too much about the future, that's true serenity",Anxiety
20,"If the guy is sick, the girl actually feels sick indirectly. He must be feeling restless and restless. :')",Anxiety
21,"I've been the most anxious person before I became the most sincere person, I've also been the most worried person before it all ended",Anxiety
22,Successfully online at 9am. Even sleeping in a state of restlessness what is wrong with me,Anxiety
23,Can't sleep. Just restless by nature,Anxiety
24,Already worried about picking up the phone,Anxiety
25,"a little restless, always feel guilty. sorry if i can't be the best as i've been :'",Anxiety
26,I've been so restless since this morning,Anxiety
27,it makes me feel restless,Anxiety
28,Sleepy but restless when you sleep,Anxiety
29,Why is this happening... I'm already in a bad mood and then my heart seems to be beating really fast... I'm really nervous. Is there something wrong???,Anxiety
30,"He is very busy, He is restless, geez, what's going on?",Anxiety
31,"I'm broken and fragile, I'm hurt, I can't stand the anxiety anymore, I can't stand the love. Until now I was ignored, not seen, even left far away. I'm not like what he wants, so I'll just step back.",Anxiety
32,"Suggest a song that makes you calm, don't know why suddenly this feeling of anger / restlessness appears. Thanks!",Anxiety
33,Too nervous,Anxiety
34,why today's heart doesn't feel good?jealous?anxious?disappointed?feeling failed?,Anxiety
35,It's a habit from elementary school if I think about something I'll get worried I can't sleep,Anxiety
36,"Since yesterday, I have not been in the mood, very sensitive, always surprised and surprises every day almost make my brain explode, everyone is the target of ups and downs in mood.",Anxiety
37,"Tonight he continues to chatter about money, I'm so confused what to do. Once he said don't worry about money, but he kept blabbering about money.",Anxiety
38,Feeling so restless lately,Anxiety
39,Oh god I'm restless,Anxiety
40,but my heart is still restless even though my mouth is talking,Anxiety
41,"waiting for uncertainty, please be anxious",Anxiety
42,"been the most anxious person, before becoming the most sincere person",Anxiety
43,"Did you ever read it in real life, I mean the atmosphere, the taste. It's because I'm like this. when I read about mental illness, my days became restless....and now I'm scared.",Anxiety
44,"Hi, Lately I've been feeling restless, have trouble sleeping, I searched on google it says it's a mild symptom of depression, I used to tell my mom when I have frequent irregular breathing.",Anxiety
45,"I've been feeling restless for the past few days, now I'm nauseous.",Anxiety
46,"Oh no I'm restless. The time will come to walk with Jesus. Every time I sing a song I don't know, I always want to cry . Because I sing it but I don't do it . Sorry God I worry too much.",Anxiety
47,Controlling anxiety is not as easy as it sounds.,Anxiety
48,"Since the pandemic, I haven't opened my laptop for a day, I feel restless, I have a very heavy life load",Anxiety
49,People who are restless and afraid can be seen from the frequent touching of the face and ringing the fingers.,Anxiety
50,"I don't know if my mind breaks down, but I don't want to think about it :( , why do I feel restless?",Anxiety
51,Sensitive feelings make the heart restless.,Anxiety
52,"Let's not be nervous, how about being happy",Anxiety
53,"after being confessed, I'm really nervous",Anxiety
54,Restless.. and.. restless..,Anxiety
55,"This is the first time I've had an anxiety disorder in my sleep, and it wasn't really good. Even though I'm not thinking about anything, but I'm restless",Anxiety
56,It's been a week I feel restless and my head feels full. I want to rest while I sleep,Anxiety
57,why am I nervous?,Anxiety
58,"Anxious and afraid of war, economic crisis, air pollution, disease outbreaks, clean water, etc. When are you happy?",Anxiety
59,oh my god why are you so nervous,Anxiety
60,feelings of restlessness have started to appear,Anxiety
61,Very restless,Anxiety
62,"The days are full of restlessness, with income that doesn't know the direction..Hopefully we can always get what we need and be given the advantage for a desire",Anxiety
63,Been an hour I woke up and the restless is here even after good thoughts ,Anxiety
64,"Lately everything has been all of a sudden, happy, sad, anxious, relaxed, excited, lethargic, etc. I really don't like everything that is impromptu, yes, but what can I do? Ha ha ha",Anxiety
65,"I'm so sorry, but can you give me words of encouragement or not? I'm really worried that I can't make my kids happy.",Anxiety
66,I don't like worrying.,Anxiety
67,"When you're not online, there is a heart that is anxiously waiting to hear from you",Anxiety
68,nervous and restless,Anxiety
69,I'm nervous I don't know why. I don't feel calm,Anxiety
70,"Sometimes I can't even rest. Always worried, worried about this, even though I'm tired",Anxiety
71,It feels uneasy.,Anxiety
72,"I'm so restless, I don't know why",Anxiety
73,"Day by day that hope grows, the closer I feel, the more I expect from you, and sometimes I get anxious because of it. To the point that I became worried, worried that it would disturb my hopes.",Anxiety
74,"Urmi has a fever, I'm already sad and restless.. What's more, this little girl has a fever, ha ha ha",Anxiety
75,"How many days have you been feeling restless at night and in the afternoon your mind is empty, why?",Anxiety
76,"From now on, it's not really good, being restless is tired by nature",Anxiety
77,"I haven't slept yet, and now my head hurts so bad. I'm sleepy, but I can't sleep, I've tried to brake but I'm restless ",Anxiety
78,Too anxious. Too worried. Too scared,Anxiety
79,Restless and agitated.,Anxiety
80,There will always be calm in the midst of restlessness,Anxiety
81,"dismayed = disappointed, anxious",Anxiety
82,This is why my heart is beating so fast. Very restless. But I don't know what I'm worried about. It's a great feeling.....,Anxiety
83,More restless. Hopefully those who are there are okay.... Oh Allah protect him..... Amen,Anxiety
84,"If my friends have replied to my tweet that has an opinion, I'm worried",Anxiety
85,"I'm hungry, weak, lethargic, restless.",Anxiety
86,Sudden restlessness. Why are you..,Anxiety
87,"Sleeps 3 hours, rest restless. Try a variety of positions and ways never fall asleep. I really need to be able to control this mind.",Anxiety
88,"Stop! I'm feeling anxious, too much anxiety to bear. Not again.",Anxiety
89,Anxious,Anxiety
90,It's so restless work,Anxiety
91,"Is there anyone who, when sick, can't sleep well, but sleeps restlessly?",Anxiety
92,Please worry until you want to cry,Anxiety
93,"Exam is on Saturday. Also a presentation going on,Training 2 products hahahaha.. awesome, still in sleep mode, but I'm nervous.",Anxiety
94,"I'm nervous, when you come change anxiety and become anxious, I'm more worried. Tomorrow I will try to live without news from you again, quickly go away from my insincerity.",Anxiety
95,"How worried am I? I asked my other self. Until it was sent, sustenance had a good friend.",Anxiety
96,Restless due to imagining too long and high until lazy to sleep.,Anxiety
97,"It's like something's up, something's weird, but I don't know what, it feels so restless.",Anxiety
98,"No regrets or grudges/angry at things that have passed, and not worrying too much about the future, that's true serenity.",Anxiety
99,"For God's sake, I'm so tired of worrying.",Anxiety
100,"For 3 years comfortable with this condition, anxiously wondering if a few days later everything will change? I don't know, another crisis of confidence",Anxiety
101,Feeling a little anxious today.,Anxiety
102,"Not regretting or holding grudges/angry at things that have passed, and not worrying too much about the future, that's true serenity",Anxiety
103,"Please be anxious , it must continue like this.",Anxiety
104,"Hmm, I don't know what to do, but I'm nervous",Anxiety
105,Very restless can't sleep,Anxiety
106,"I'm sad because I can't produce anything but I like to complain every day because I'm tired of taking care of children I see the body is getting bigger, yes I am getting more and more restless",Anxiety
107,"Every time after sunset, why must this heart be restless as if it can't accept the situation. But with this situation, you can't do anything, if you do it, it can only make things worse",Anxiety
108,Why are you restless and always restless ,Anxiety
109,I'm so nervous about what to do,Anxiety
110,"my hair is like a bowl, I hate it",Anxiety
111,"I swear I can't sleep...sleep anyway, but I don't sleep...so restless..",Anxiety
112,Why does it seem like tonight I'm restless & sad like I want to cry but I don't know what to be sad about,Anxiety
113,why so nervous? what is certain is not because of me..but it's all because of you,Anxiety
114,The script is harmless. But continuing anxiety because the thesis is not finished and can be dangerous for the heart.,Anxiety
115,can't you not disturb people's lives? until I'm anxious and can't sleep,Anxiety
116,"how do you keep it calm, initially it is excited but then you're sweaty or nervous ",Anxiety
117,And again suddenly feeling nervous and anxious without knowing why :(,Anxiety
118,"I'm not feeling very good this morning, I'm really worried",Anxiety
119,"If you are restless, just complain to someone or read so that the heart becomes cool and reduce cynicism towards others",Anxiety
120,controlling excessive anxiety,Anxiety
121,"When you hear the song, your heart becomes calm and when you hear the Quoran, your heart becomes tense and restless.",Anxiety
122,restlessness haunts self,Anxiety
123,"The peak period of my stress has passed and I am only noisy now. After going out with my friends yesterday, I feel kinda better.",Anxiety
124,I'm most worried when my mom is sick.,Anxiety
125,don't worry yet :),Anxiety
126,"Yesterday, I was worried half to death, now my wife is aware of being stiff again... how about that?",Anxiety
127,The last time I felt this nervous was on Wednesday. When he found out his mother died. I hope this isn't a sign anymore,Anxiety
128,I don't know how many years it took me to jump in until I could feel the descent without worrying,Anxiety
129,"I want to ask, have you ever been worried about the things you like? Even because you really like it, you feel like it's a part of your life. ",Anxiety
130,"However, every time I picket, I'm always nervous, I'm really scared.",Anxiety
131,Waking up reading the group makes you emotional,Anxiety
132,time goes on and at the same time my heart is getting restless and am hurting,Anxiety
133,I want to exhale the restlessness out of my chest with my breath,Anxiety
134,Why every morning I want to sleep I'm restless ,Anxiety
135,"Anxious alone, sad alone, not having peace",Anxiety
136,"What's wrong I'm worried, oh I hope it's okay",Anxiety
137,"I really like this, I'm nervous about things I'm not sure about, I don't know why but I feel really nervous. Weird",Anxiety
138,"I'm so nervous, why?",Anxiety
139,but my heart is still restless even though my mouth is talking,Anxiety
140,Since then I was restless to the point of choking. What's wrong?,Anxiety
141,"Starting to worry again if I have a lot of schedules, even though yesterday it was neatly arranged.",Anxiety
142,"Does anyone know why I am here? I've been feeling restless since yesterday, like worrying too much, suddenly feeling sad, just scared. Don't know why",Anxiety
143,"I'm restless and speechless, I don't know what the cause is.",Anxiety
144,I keep getting restless day-after-day,Anxiety
145,Happy but also worried.,Anxiety
146,"If you're nervous looking for the best position before going to sleep, it feels like someone's watching you",Anxiety
147,"Honestly, I'm really nervous",Anxiety
148,"Here from now on, my heart is restless",Anxiety
149,"Later when you are tired of the new one, and then you look back and feel guilty for me, don't be a bit nervous. Trust me, I have forgiven you. Even though I will never accept you again.",Anxiety
150,I myself have started to learn not to stalk just because I'm afraid that mental disorders will get worse even though I still feel anxious,Anxiety
151,"In the evening, towards the morning. A little worried, a lot of longing",Anxiety
152,"I'm excited but I don't know why, there's no reason, I'm nervous, I have a stomach ache but I'm scared, I know I'm tired, this is the third time today :)",Anxiety
153,"Always worried about the future, even though today has not changed.",Anxiety
154,"every time you worry, why is the disease running to your stomach?",Anxiety
155,"Some days, I don't think I'm doing well, so I feel like I'm really crying, scared, anxious, just sad. until I think of this when I cry, does my fast break or not?",Anxiety
156,"It's been a few days when I sleep by default I'm afraid, restless, nervous, feel alone, sometimes my breath is really heavy.....why is that... like I'm afraid of being restless, oh my God",Anxiety
157,"No need to run, just walk one by one, the stones that are being stepped on slowly and absorb it without feeling anxious and full of emotions",Anxiety
158,aren't you worried? aren't you worried? don't you worry...,Anxiety
159,"Instead of getting calmer, this heart is getting more restless",Anxiety
160,can i tap the dm or not? I'm very nervous thinking,Anxiety
161,"Lately I'm feeling scared & very anxious thinking about the day for tomorrow's work inspector . Honestly, I'm really scared because I'm not very close to his friends",Anxiety
162,"This is why I can't sleep, I'm so restless...",Anxiety
163,I want to exhale the restlessness in my chest with my breath,Anxiety
164,My life is chaos. There is no solution. Fear of the uncertain. Restless direction.,Anxiety
165,Please forgive me who is starting to weaken and lose enthusiasm to keep fighting and survive...,Anxiety
166,"If I'm honest, I've been nervous since that day even though I said it wasn't....",Anxiety
167,"Time is slow for those who wait, too long for those who are restless, and too short for those who are happy",Anxiety
168,"Since then, the chicken cake has been restless and wants to lay eggs.",Anxiety
169,Do not compare yourself to others. Envy only makes restless soul. Be yourself.,Anxiety
170,Why do I like to be nervous? I keep worrying so much that I sweat,Anxiety
171,"Have you ever been so nervous, scared, and anxious that you want to throw up?",Anxiety
172,I really can't be told to just listen to it for hours. Immediately anxious.,Anxiety
173,Actually I'm worried. The original looks really scared. I've come to play/bite my nails :(,Anxiety
174,"Dialogue in the morning.. to yourself, restless and restless accompanying it, hoping someone will understand",Anxiety
175,"a few days ago restless, today menses. I've just read that restlessness is a symptom of PMS. so who gave this anxiety, thesis or pms?",Anxiety
176,"Oh, I'm so nervous, bro :(",Anxiety
177,"Eid is getting closer. Oh God, I feel so lazy to meet a big family, I'm too lazy to ask a lot of questions, it's not okay, I'm not comfortable, I'm really worried, fuck the life",Anxiety
178,"Suddenly restless, not even 5 minutes immediately severe nausea. It's true that stomach acid is the fastest way to get sick if you have thoughts",Anxiety
179,What is the sign of restlessness,Anxiety
180,"They say I'm strong, I'm stoned, I always have panic attacks when I'm restless at night, it's not clear who knows, I don't leave my room all day because I'm so tired",Anxiety
181,"so please be worried, what version will I get",Anxiety
182,"What exactly is making me nervous, please, tell me!",Anxiety
183,restless and agitated,Anxiety
184,"For the past few days, he's been a bit restless, he's not calm like that.",Anxiety
185,"I swear I'm nervous, why are you?",Anxiety
186,"I've been so restless all day, why is it even though there's nothing... calm after praying, after that, I'm restless again",Anxiety
187,"It's so toxic, every night I'm always afraid of forgetting to do something I'm so nervous gt anjr",Anxiety
188,"Today's energy is very heavy. You have to go to the doctor, have an ultrasound, then an X-ray. The results will be known tomorrow. Ugh, so worried.",Anxiety
189,"Time is slow for those who wait, too long for those who are restless, and too short for those who are happy. ",Anxiety
190,Feeling restless is the worst thing ever.,Anxiety
191,"Every night before this night, I always worry about what drama will happen tonight, my baby boy If there's no husband, this is really crazy",Anxiety
192,I'm afraid the anxiety is too much because I'm already in the phase of being really scared,Anxiety
193,Other people don't know I feel anxious every day.,Anxiety
194,"Feeling anxious like this, every time you want to work, you have to feel anxious and not calm",Anxiety
195,"Even though I am calm like a fish, I am restless like a wave in the ocean.",Anxiety
196,"I'm really restless when I just wake up, I feel like I immediately get bad thoughts and it's really every day",Anxiety
197,"When you're working on something, and suddenly feel restless and anxious even though nothing's going on...haha what's the matter, my self",Anxiety
198,"Shit! I'm addicted to playing cellphones so that if I don't have a cellphone, I feel restless. How do you get rid of it",Anxiety
199,"Pls, how do I feel afraid to go out of the house because I'm afraid to meet people, I don't know why, even though I wasn't like this before, I used to be nervous, then I'm so anxious I'm so sweaty",Anxiety
200,Why am I so nervous?!!!,Anxiety
201,how do you get rid of anxiety,Anxiety
202,"I'm so restless, why isn't it",Anxiety
203,Why are you so worried since yesterday...,Anxiety
204,"O Allah, I just ask for a safe and peaceful life without being haunted by anxiety",Anxiety
205,"For a long time, my heart feels like it's going to burst when it's restless",Anxiety
206,"Now, he's always anxious every day, it feels like he's waiting for a thesis trial, you know. I understand it feels nervous, worried, afraid. what's the difference now that you don't know what you're worried about",Anxiety
207,Say! Are you worried about your health? Any tips so you don't worry too much?,Anxiety
208,"I don't feel good, I'm not calm, I'm just restless :( let's do a lot of meditation",Anxiety
209,I'm a bit scared and nervous...,Anxiety
210,starting to get restless with life's journey like this,Anxiety
211,"Restlessness accompanied, hoping someone would understand, wishing he wasn't here.",Anxiety
212,"Why be afraid of pain when all of our feelings can be created!.. There will always be calm, on the sidelines of anxiety waiting to subside...",Anxiety
213,The habit of being anxious is clear,Anxiety
214,sleep but restless. understand?,Anxiety
215,"Anjir is so restless today, what's wrong?",Anxiety
216,hello? buddy it's been a long time. My account still looks like an nothing .. tbh lately I've been feeling tired. Anxiety always comes suddenly for no reason,Anxiety
217,"Anxiety starts again, every night is restless :))))",Anxiety
218,One by one the family (women) who were almost the same age as Mama died. and the average below mama. starting to worry.....hope you are always healthy,Anxiety
219,Why are you so nervous :(((,Anxiety
220,"It seems like I'm really at the anxiety stage every time I open WhatsApp. It feels really anxious, scared, nervous, feeling guilty, feeling useless. I want to disappear",Anxiety
221,"That's if you're worried, the pain is too much to bear.",Anxiety
222,"I'm nervous but I don't know why, it's really not that good, I've been nervous. Hope all is well",Anxiety
223,"The restlessness that hit, really disturbs the atmosphere",Anxiety
224,"Can't sleep because I'm worried it's not really good, I can't take it to watch too",Anxiety
225,Seems like it's a lot of sin when you're so restless,Anxiety
226,"Shit, worry again, throw up again!",Anxiety
227,how about a prolonged period of anxiety..,Anxiety
228,"My mind is really divided, until I fell asleep like I was feeling anxious, but I don't know what to worry about.",Anxiety
229,"There is excessive anxiety today. And, there is another.",Anxiety
230,"I really do this istikhara prayer. The excitement is not crazy, I'm really worried",Anxiety
231,"Fwb, how do you calm a restless heart? It's not a boy problem.",Anxiety
232,The combination of anxiety and anxiety gives me a terrible headache..,Anxiety
233,"worry too much at this hour, God is so annoying",Anxiety
234,"It used to be beautiful. But now it's real. Feels restless, restless, etc.;(",Anxiety
235,The default is so restless haha,Anxiety
236,Confused since yesterday feeling restless but don't know what to worry about,Anxiety
237,Does anyone know of a sedative so you don't get excited? ,Anxiety
238,I wake up restless every time I don't know why or do I have any other suggestions so that it doesn't continue like this. thank you,Anxiety
239,"Yoo, why are you nervous?",Anxiety
240,"Every time I hear that my friend wants to go to trial, I like to be nervous, it's not clear, I need to hurry to clean it too, but if I'm in a hurry because I see people are afraid, it's not really right :(",Anxiety
241,"The past few days it's been really messy, so I'm nervous why the assignments don't show up . Usually Monday/Tuesday there are assignments and the deadline is Wednesday/Thursday",Anxiety
242,Tired of being restless every day :'(,Anxiety
243,"Haven't prayed yet so restless, want to pray still lazy.",Anxiety
244,"don't want to sleep, don't be restless far",Anxiety
245,"Want to sleep, all restless",Anxiety
246,"I get traumatized. when he was a child, he was said to be ugly because he had a mole. When I grew up around high school I was also said to be ugly with a guy.",Anxiety
247,I shouldn't worry about fate. Because even a leaf God has arranged to fall when and where,Anxiety
248,"Please calm me down, friends. Say ""it's okay"" if my research is taking a long time. ""It's okay"" if you haven't written a thesis yet. ""It's okay"" if graduation is a bit behind the plan.",Anxiety
249,even though I don't miss anyone but I'm still restless,Anxiety
250,"This is how it feels.. not calm, restless don't know why, I wake up and wake up, my heart feels like it's piling up thinking about something..",Anxiety
251,Feeling restless,Anxiety
252,"Panic, restlessness right now",Anxiety
253,"I just want to sleep, oh God, I'm not even sure it's clear",Anxiety
254,"I want to ask, but I'm afraid. If you don't ask, you'll get even more restless",Anxiety
255,Waiting anxiously,Anxiety
256,but my heart is still restless even though my mouth is talking,Anxiety
257,Don't worry even more about this dog,Anxiety
258,why are you so nervous have mixed feelings,Anxiety
259,"Why is it that if there are a lot of people talking in front of the house, there are too many motorbikes that pass by, the feeling is immediately restless, afraid",Anxiety
260,"Usually every night when you're alone you're restless, it's calm. It feels so different.",Anxiety
261,"you can worry, you can worry. no one forbids.",Anxiety
262,duhh why am I worried to be honest?,Anxiety
263,"I'm tired, aren't I, lately I've been nervous about something, I want to hurry up and wait for the time to come and then it's over",Anxiety
264,I'm worried about speed,Anxiety
265,"Happiness and sadness move in one door, no need to worry about this life process.",Anxiety
266,"Don't worry, your story is written by the best screenwriter",Anxiety
267,"When relying on yourself is the best answer to forget anger, anxiety, and disappointment?",Anxiety
268,2 weeks until the exam and already starting to get restless and have a lot of thoughts,Anxiety
269,Fuck the life,Anxiety
270,Go to hell,Anxiety
271,Fucking hate you,Anxiety
272,Hell yeah varsity life,Anxiety
273,I am fucking tired of everything,Anxiety
274,There is a feeling of restlessness and restlessness even though I can cover it with my smile.. It's been almost 8 years of Hari Raya without meaning and getting used to it... Just be grateful to Allah,Anxiety
275,I don't like feeling like this!! Kind of restless,Anxiety
276,Restless tonight,Anxiety
277,I've been restless since yesterday :(,Anxiety
278,3 days anxious tremor,Anxiety
279,Still hopeful,Anxiety
280,"I want to ask. I'm an extrovert, but the more I come here, the more scared I am when I meet a lot of people, I feel anxious right away. Does anyone know why that is?",Anxiety
281,"Why is it that every time I do my job I'm always restless, I'm so dizzy, it's so hard I can't focus, please",Anxiety
282,Why am I nervous,Anxiety
283,"Oh God, why am I in this house by nature angry, angry, anxious, anxious, restless, when my mouth is open, my heart is full of malice",Anxiety
284,"I'm so worried, even though tomorrow is just a presentation...",Anxiety
285,"Lately, I've been feeling anxious, restless, sad, but I'm still feeling sad because na, kabeh comes naturally. Strange.",Anxiety
286,"I'm so worried, my cellphone is about to fall again",Anxiety
287,"Moving forward is hope, Quitting is despair. Restless hope is better than despair.",Anxiety
288,So when the time comes I won't be surprised anymore and won't be overly disappointed. I lowered my expectations amidst the many possibilities.,Anxiety
289,I want to exhale the restlessness in my chest with my breath,Anxiety
290,It's too lazy if every day the default is constantly restless for no reason,Anxiety
291,"Can I skip this or not? To be honest, I don't really have any feelings of anxiety, I just thought about it, do you think I can survive in this place or not??",Anxiety
292,"Why do thoughts in the future always make you anxious, even though it is not necessarily the case. Whyyyyy? I'm so dizzy.",Anxiety
293,"Compromise to your heart's content. Restless , upset , happy , sad . It's like riding a gondola but don't know when to get off the ride.",Anxiety
294,"I'm easily restless, even fake.",Anxiety
295,"I'm really nervous, why is it, I don't have much worship..",Anxiety
296,"Overthinking, restless, dizzy, tired, wants to cry, sucks in starting to enter the room",Anxiety
297,Why is this guy so restless,Anxiety
298,"I'm lazy to work, if I often feel anxious",Anxiety
299,"It's been about 5 years for the last time I felt this feeling of anxiety and lack of motivation. Now it appears again. Oh my God, what should I do..",Anxiety
300,Slowly I want to talk about feeling uneasy with the situation,Anxiety
301,"Fear, Worry, Give up, Yes How ??",Anxiety
302,"Help ma mental... It's really like this... .I just told myself this afternoon that you're great, great because of your anxiety and overthinking you haven't appeared in a few months, but why is it now showing up again Ô∏è",Anxiety
303,how come there are so many senders asking me to make you cry and then explain the tags like literally brutal.. I'm a little worried..,Anxiety
304,Dancing on the edge of restlessness,Anxiety
305,"If you are at home alone, you like to be anxious?",Anxiety
306,"When I re-read the soft file proposal, how come there are so many mistakes. But how do you want the file to be distributed, it's getting more and more anxious.",Anxiety
307,"Ptn! What do you think about fasting on social media after utbk? I'm really worried that I don't want to open social media, but I can't use Twitter because I need information to register",Anxiety
308,Why is this feeling uneasy? I consider my manager like my own mother even though the age difference is only a year older. ..Or am I interested in the motherly soul huh,Anxiety
309,"It's this kind of anxiety that I don't like.Suddenly crying incoherently, chest pain, shaking etc... .But thank God I never had any intention of hurting myself",Anxiety
310,so it's like this.. the authors never wanted to post or chat but when rereading it cringe gt.. i'm afraid the readers won't like it... i'm wb + not very confident... i'm restless... hhhhh,Anxiety
311,"Very sad, I feel heartbroken even though I don't know the reason",Anxiety
312,Like to worry about the future,Anxiety
313,"Alone, accompanying you in silence. Throwing all restlessness in your heart. Trying to find peace of mind. Who has been betrayed all this time",Anxiety
314,I can't take any more pressure pls!,Anxiety
315,"It's been a few days that I haven't slept very well, I'm very restless",Anxiety
316,Why are you so restless,Anxiety
317,"Just for Eid this year, I'm a little worried about the template questions that people often complain about. Oops, what's the answer?",Anxiety
318,tired and restless,Anxiety
319,"I'm nervous by nature, confused, nervous, when it's people, just relax :)",Anxiety
320,"When the heart is sad, restless and filled with despair, remember that only to God do we complain.",Anxiety
321,"mentally down because social media is not that good :""/ you're worried but can't do anything :((",Anxiety
322,"Heart disease that is hard to get rid of: it's really hard not to be curious about other people's lives, you're jealous to the point of restlessness. Any tips?",Anxiety
323,"Why are you worried about getting lost? The panic feeling is also really annoying, not just crying that bothers you.",Anxiety
324,Why so much pressure?,Anxiety
325,Nightmares of a few minutes make you anxious and uninspired for days,Anxiety
326,"Restless, upset if there is no news all day..",Anxiety
327,"I'm getting more and more restless, and I'm crying as much as I can, and they just look at me crying, and they say, don't worry, sis, it's okay, you're okay here, you just need to rest",Anxiety
328,restless restless accompanying,Anxiety
329,"Help! Lately, whenever I meet a lot of people I don't know, I always feel really dizzy, my stomach suddenly feels nauseous, anxious, panicked. How do you solve it? And why is that?",Anxiety
330,"As the day draws near, I'm overthinking a lot, oh my god. Calm my restless heart",Anxiety
331,Anxiety for no reason. How come?,Anxiety
332,"It just felt like a storm, rumbling, boisterous, restless and quite stifling.",Anxiety
333,anxious and restless,Anxiety
334,I'm so restless when I can calm down,Anxiety
335,"It's been a long time since I've been here, I'm suddenly restless + crazy chest pain",Anxiety
336,restless upset languishing,Anxiety
337,"Just shut up, you know it's there. Afraid, still anxiously waiting for this month",Anxiety
338,"Kinda not very excited. Restless, many thoughts, bored, confused, sad, angry, afraid, frantic. Ah...",Anxiety
339,"guys, how do you not get triggered easily? I'm still sad, I'm sad too... now I feel nervous and anxious, I want to cry.",Anxiety
340,"Usually I sleep well every afternoon, I just want to rest for a while, I feel restless because the task hasn't been completed yet",Anxiety
341,"Wehh, I just woke up, I was immediately worried, scared to run out, I didn't like it.",Anxiety
342,"Don't worry too much, your story is written by the best screenwriter",Anxiety
343,Actually you know that the cure for your anxiety and confusion is by praying to God. But why do you still forget Him.,Anxiety
344,"restless and emotional like PMS again, even though it's over. it doesn't feel very comfortable.",Anxiety
345,"want to sleep restless, wake up restless. what do you want to die for?",Anxiety
346,Emotional when PMS is motivated by insecurity which also increases due to these hormones. I don't know why I will feel anxious about many things for no reason,Anxiety
347,"I feel so restless, why?",Anxiety
348,restless oh nervous.,Anxiety
349,always worried about tomorrow,Anxiety
350,"If you're blank and restless, your typing will be random",Anxiety
351,I'm so nervous :(,Anxiety
352,"No regrets or grudges/angry at things that have passed, and not worrying too much about the future, that's true serenity.",Anxiety
353,Looks like I'm going to leave WhatsApp aka I don't want to open it often because I don't know why I'm worried every time I open it,Anxiety
354,This week really can't calm down. there's just something that's bothering me,Anxiety
355,Very restless huh,Anxiety
356,Have you ever been... you're honest but you're the one who's restless,Anxiety
357,confused and restless. This heart seems to die. When you change,Anxiety
358,Can't sleep restless,Anxiety
359,"Why is it, every time you want to do something, you get nervous..",Anxiety
360,"I'm mute, stuck in a dream sheet. I flinch when the clink of time calls out to me. I wake up, restless",Anxiety
361,"It's true, it's okay to be nervous, it's really okay to get it",Anxiety
362,"Have you ever felt anxious every day because you were worried about the future, just kept thinking about it all day, to be honest, I'm really tired",Anxiety
363,why is this.. suddenly very nervous,Anxiety
364,"I'm restless, I'm languishing every night, it's really hard when I'm tired",Anxiety
365,"Restless, heart pounding. Fix anxious again :)",Anxiety
366,"Don't worry, don't worry",Anxiety
367,"I wonder why lately I've been nervous when it's already above 9 o'clock, even though there's no problem. How do you prevent anxiety?",Anxiety
368,"This morning, I'm anxious, anxious, dizzy, dizzy, not nauseous, until all the contents of my stomach are out, my heart is pounding wildly, ah, I'm scared. I wonder what if I die. I'm really scared",Anxiety
369,let this anxious rest ok. Please,Anxiety
370,"Believe me, he loves you very much.. It's just that you are too worried about losing, because you have fallen so many times",Anxiety
371,The highest level of miss is when you are worried about him for no apparent reason.,Anxiety
372,"At first, I just did it, in the end I started to feel worried and anxious about the situation.",Anxiety
373,"Actually, I'm just happy to be happy right now, but yeah, I really like being nervous all of a sudden",Anxiety
374,why do you suddenly worry too much with cold sweat :),Anxiety
375,I'm upset restless languishing,Anxiety
376,"If you're nervous, you can't sleep normally.. this one is more fun, can't sleep too :)",Anxiety
377,"stop disclaimer depression is easy... depression is sick, it's not good to be tired, mental illness isn't just depression",Anxiety
378,"dizzy, restless, shaking so one solid buddy",Anxiety
379,"If you are already a mate, all doubts will be whole, all worries will surely come true",Anxiety
380,"So often restless in the middle of the night but for no reason, why is this",Anxiety
381,I don't know why he's so restless today,Anxiety
382,"Finally able to breath & eat after taking Miko to see the doctor. Moreover, the condition is not as serious as the other doctor thought...I thought that my anxiety disorder was serious too..",Anxiety
383,Feeling restless inside,Anxiety
384,"I'm small. I praise myself. other people are discouraged, I'm restless, wondering how to make things better. I'm nothing.",Anxiety
385,Always haunted by anxiety,Anxiety
386,"Everything feels so short and for now starting to be afraid to lose, starting to feel anxious about various things, somehow if it really happened",Anxiety
387,Why am I getting anxious at the end of the day?,Anxiety
388,I don't know why I'm this restless not calm,Anxiety
389,Sunday calm but restless,Anxiety
390,"It's true, it's okay to say it's too late just because of that yes, that's all, but it really makes stress and anxiety uncontrollably ",Anxiety
391,"Have you ever felt like you're sad but you're not sad, you feel like you're nervous but you don't know what you're confused about, you just want to sleep but you can't",Anxiety
392,"Why is it that I'm CB dreaming this time, I'm really nervous, I don't know why?",Anxiety
393,"No need to worry, your story is written by the best screenwriters",Anxiety
394,"Nurture your own mind, don't be anxious and nervous, because by His side are calm souls.",Anxiety
395,Still very anxious,Anxiety
396,It's a different time to be so restless,Anxiety
397,"How do you not think about negative things and don't get anxious easily, how do you want to live calmly without thinking every minute that you shouldn't be thinking about it..",Anxiety
398,"the habit of chatting for a day, immediately restless",Anxiety
399,I'm dancing on the edge of restlessness. Craving a lost soul,Anxiety
400,pls I'm so restless I can't sleep ,Anxiety
401,I cry hearing it,Normal
402,"When you want to finish studying, you want to start a new life again",Normal
403,keep promoting even though no one buys,Normal
404,"Sometimes we are very good at advising or judging others, but not for ourselves.",Normal
405,make it easy,Normal
406,why is this so nauseous,Normal
407,"It's people's turn to really need help, just look at it, it's people's turn to take care of personal matters until they are found out.",Normal
408,People don't really think it's weird.,Normal
409,"I miss feeling the atmosphere while walking around, there are people selling lemang at the edge of the road """,Normal
410,Why is Jimin so hot and handsome?,Normal
411,"The charred food that heated the stove, dad who got angry with my mom",Normal
412,"""The key to unlocking pleasure is PATIENCE while the key to closing it is laziness.",Normal
413,"I don't know the original, I want to ask a friend again, but if you get lucky, you can't have a boyfriend",Normal
414,"I have sore eyes, where do I want to go for Eid",Normal
415,"You don't have to know, ayuri, you don't have to know.",Normal
416,"The difference is small, the big one is humanity",Normal
417,"haven't bought an envelope yet, oh my God",Normal
418,The youngest child is officially a millon seller very happy ,Normal
419,this seems to be a flop,Normal
420,Is jealousy normal?,Normal
421,My brother will definitely get it,Normal
422,Dreamies that CB I'm excited about,Normal
423,"Come on, what do you say to dreamies",Normal
424,"Especially for this month the Cheapest Netfix Account Promo is only 15K, ordering info can directly DM or check Pined for more information.",Normal
425,"oh God, I laugh so much when I remember that there was a small child in the mosque near my house, even though I was still singing right before the Maghrib call to prayer :(",Normal
426,God take care of him when I'm not beside him,Normal
427,"No matter how difficult your journey is, always remember God, so that your safety is always maintained.",Normal
428,start your morning with a marathon,Normal
429,why can't your eyes be so empty,Normal
430,"Finally, I dared to tell my mother that I wasn't with her anymore :""). Why is my mother crying so hard",Normal
431,"You will definitely get the best men, come and pray to God, and improve yourself..you can do it, goodluck.",Normal
432,iTunes and Apple Music can't only be used for the iPhone or not? how about it??,Normal
433,"I regret that yesterday when it rained it didn't stop, instead it broke through the rain at 11 pm",Normal
434,Immediately open the door of your heart to receive His guidance and open your heart to sincerely repent to Him.,Normal
435,"If a blood sugar-lowering drug is taken by a healthy person, that person's blood sugar will drop drastically and can cause death.",Normal
436,"God sends someone in your life for a reason, either to learn from him or to live life with him.",Normal
437,yeah this week's suffering is over. Byee,Normal
438,"Yes, what do you want to do, when you are asked for news, there is no response, you know, even if the update is blocked, who isn't worried.",Normal
439,I'm excited today,Normal
440,Terrible yall just woke up. The fate of the class is not over anymore,Normal
441,Want to have a lover,Normal
442,yukari is so nice,Normal
443,When did my brother think?,Normal
444,Ryuga really looks like Eza when he was little,Normal
445,"Hehehe, I heard that many people have arrived in Kelantan, right?",Normal
446,Lombok's bureaucracy is very fast. Usually long and slow but this wasn't,Normal
447,Are you a liberal activist?,Normal
448,It's really hard to find international journals.,Normal
449,"I'm happy to have a comeback, not because I bought the album. But there's a lot of content, it's really full",Normal
450,"Do you think that if Corona is over, then there will be a concert, is it okay to watch it?",Normal
451,wake up i keep on duty,Normal
452,I choose to love you in silence not because I'm a loser. Isn't the more lasting love the quiet love?,Normal
453,Yatuan wants to meet Ryan,Normal
454,Why are the eyes blurry?,Normal
455,"if it's really classic vinyl, I've never had one",Normal
456,"Promise in the evening to pay. Yes, I'm waiting. Just be careful",Normal
457,"Tired, every time you fall in love, you meet a virtual one :)",Normal
458,Heyy today is the last day of work,Normal
459,"hey, is there anything missing? ",Normal
460,"Dark, light, what dim?",Normal
461,"I thought it would be easier to gain weight at home, you know it's the same",Normal
462,"Awareness sometimes comes when regret turns into something very scary, but the departure caused by mistakes is not easy to return.",Normal
463,Singing pen. Is there anything you want to sing? Album is all heartbroken,Normal
464,"If you were given a choice when an idol comeback, would you choose the one with the forehead wearing a crop top? or exposed body (abs)?. Which one do you choose? Is there a reason?",Normal
465,good luck with my presentation,Normal
466,Dead is better.,Normal
467,What kind of banana do you want to come back at if you have to pick tomorrow?,Normal
468,"This week, I'm only working for 2 days, wfo is really borne",Normal
469,I'm so stupid,Normal
470,why never thought there was a small portable aircond,Normal
471,"Whoever sells with two sales in one transaction, then for him the lowest price or usury.",Normal
472,"Why is Shrita making me so bored that it's not that hard to make friends, Anjim?",Normal
473,what's the best thing about giving it to your mother for a bribe?,Normal
474,if the weak is still drooping,Normal
475,It's really annoying to say yes.,Normal
476,"I was surprised to see you, are you safe?",Normal
477,My love will still be there for you and stored neatly in this heart even though you are with him.,Normal
478,"thanks, it hasn't arrived yet, it's pinned :')",Normal
479,"The city center where I am, people are full of shops, banks, Pasaraya, do you remember this Covid-19 holiday?",Normal
480,"Hot plus cool = sore throat, want to poop",Normal
481,Morning guys. Have a productive Monday,Normal
482,"In your opinion, who is the most worth it starlight skin, guys?",Normal
483,There service was good,Normal
484,let's talk about this,Normal
485,it's complicated,Normal
486,"The closer I get to Eid, the more resigned I am to the exam, I don't know what to answer what's the deal",Normal
487,Helloooooooo 7 hours left,Normal
488,Several times the chat doesn't work,Normal
489,"The right gum is swollen when chewed it hurts a bit. If you chew the left one, the tooth has a hole",Normal
490,I miss you,Normal
491,this chick is so cute,Normal
492,Sorry for being late,Normal
493,"where is my water? It's crazy how fast I cook, I want fried rice from the eye egg, it's fun to play with these requests hahahah I'm not a wife yet",Normal
494,"If after waxing, what should I wear? or what good?",Normal
495,"Well, yes. It's Monday. My class is at nine. Come on, let's go back to sleep",Normal
496,"I hope you can continue to shop, my friend",Normal
497,my eyes are so swollen :(,Normal
498,"Wow, I want to have a fever",Normal
499,Don't know which one to start with,Normal
500,"""Friend"" I'm fine. I don't want mom and dad to see me like this",Normal
501,how many followers is the minimum for the vote?,Normal
502,accompany me like that dog :(,Normal
503,Time to sleep again. Good morning everyone,Normal
504,"*Me tryin to find a new glasses*..My glasses have been bent, tilted, just squished, guys",Normal
505,oh my god why don't I have a day off..,Normal
506,"For some reason, I used to dream of him a lot, almost every day I dream of him. now? it's gone. hmmm that's it.",Normal
507,"at times like this, I feel so independent",Normal
508,Have a blessed Monday,Normal
509,can take the physics quiz before the long holiday,Normal
510,want to know my life story? come sit next to me. I will make coffee without sugar :),Normal
511,What's the problem with him?,Normal
512,I think my cat is doing a secret mission. Don't come home,Normal
513,"Okay I promise myself if you want to buy the album, I'll help you with that",Normal
514,"Even though my history is Mulfand from 2010, but if the situation is 3 groups that you like to be in Top social artist... aren't you drunk?",Normal
515,"I feel more work after WFH. Understandably, the first time the office was allowed to do WFH :)",Normal
516,"Yes, I'm trying to be cool. I don't even open artist accounts. Then there's the family, besan, sending stories atta aurel. Chillman. I cry. Luckily I'm not fasting, can I swear?",Normal
517,"After bubbling a lot, are you safe?",Normal
518,"How can I do it, do you feel the same?",Normal
519,"Make a problem with PDD, please, during an online event, how come it's not there?",Normal
520,What day is Eid Al-Fitr if you may know?,Normal
521,great no limit,Normal
522,back thinking looking for money,Normal
523,"It's really delicious in the morning, sweet breakfast",Normal
524,My parents: Can netizens call the minister a hypocrite. I just like it,Normal
525,"Eid on the 2nd day, can I just take it out?",Normal
526,"This time, I didn't follow the team's streaming. :')",Normal
527,"For me, insurance is real. But if you get a fraudulent agent, that means sustenance is not next to you.",Normal
528,"The definition of waiting for a month's paycheck, spending only how many minutes.",Normal
529,"I miss you so much, I just dream about it, I'm looking for it",Normal
530,The 2nd vaccine has finished. Doesn't mean being able to get on a plane or train without an antigen test,Normal
531,Is it good to do social studies or art and culture assignments first?,Normal
532,I suspect that Wavy actually has a lot of job offers but label V refuses,Normal
533,Milk is only one part of the process of putting a child to sleep.,Normal
534,Seonho Minah has started filming ahhh august can you hurry or not,Normal
535,"I really want to look like other people, the ones with the twt notifications are accommodated a lot... But I'm a crazy person who doesn't wear it..",Normal
536,"Why is my life so much drama like this, I want to laugh but how come it's my life that I laugh at",Normal
537,"When it's quiet, I say thank you for accompanying me, I can't stay long, I have to go I said why in a hurry, it's still raining, he said my task was over, I was confused.",Normal
538,I want to feel the same as my boyfriend. .How does it feel?,Normal
539,"Come on, does anyone have a tiktok account?",Normal
540,I love you ,Normal
541,"Jessica starred in the musical ""Legally Blonde"" as Elle Woods, the female lead in the drama",Normal
542,"Hi, how are you mentally today?",Normal
543,I want to collect photos of my ex husband,Normal
544,There is a child as heavy as his father,Normal
545,"Tanyarl guys, please give a farewell gift idea for a male boss who wants to move offices",Normal
546,I feel so damn guilty,Normal
547,"it's ok, why is it tight for Eid",Normal
548,Have you ever been in the third person? How does it feel? Sick? Oh really!,Normal
549,pedri is love <3,Normal
550,Why did I move to Bogor when I was approached by Bekasi children?,Normal
551,"Apparently the aqua lightening skin contains silicone, so if I apply it again, it makes my face white, it doesn't absorb so it's like whitecast doesn't go away",Normal
552,"lm..come on, those who have big accounts offer to look for it again. drop specs and account conditions",Normal
553,"Willing to let himself get hurt because of waiting, for your success",Normal
554,Looking for an herbal acne remedy and get rid of acne fast?,Normal
555,"hi patient, have a good day, frandaaa <3",Normal
556,missed a lot of info already,Normal
557,"it's useless to install and move, but the account is not added",Normal
558,Is Junkyu really the same person during survival as the one who debuted? How come I don't believe it,Normal
559,stranger things is just amazing,Normal
560,"This doesn't exist, what do you want mutual?",Normal
561,You are amazing person ,Normal
562,"When you're not fasting, what do you want to eat? :(",Normal
563,"Oh god, lazy to go to the kitchen",Normal
564,You are my love,Normal
565,Later in the evening huh??,Normal
566,"There is no such thing as aid, there is the right of the people.",Normal
567,Are you on holiday?,Normal
568,"Asked about the task of the attached club, O Allah :)",Normal
569,how come my heart hurts lol,Normal
570,fwb. What's more sad about today's room?,Normal
571,open the boom,Normal
572,How to check people who don't follow us on Zee! How are you Peto?,Normal
573,"It's been very cold since last night, luckily the chat room is warm.",Normal
574,"Ask, guys, do you recommend games about cars that are fun, if you can go offline, thank you",Normal
575,"If you're not at home, is it time for me to make ice milk?",Normal
576,na! how much is the market for the mark cherry bomb?,Normal
577,"I just arrived in Bintulu country, I haven't met my family yet. there's been a poke threat. danger",Normal
578,Taking control to the medical center to fulfill the state's duties.,Normal
579,"Thank God, I can still see the files piled up on the table this morning",Normal
580,"Do you want to ask if you use spotify mod, does it count?",Normal
581,It's very quiet. Who wants to be my boyfriend?,Normal
582,Who cannot wait at the afternoon?,Normal
583,"I'm curious, Jisung cried, didn't he see the marks scored?",Normal
584,"for once, this girl of yours said spicy words, said bad things about the person in front of her directly hahaha I'm so sick of holding back my emotions",Normal
585,"Not only that, during the holidays and leave, the work from home attendance must be done up to three times.",Normal
586,Is there anyone who dreams of meeting you and then giving you a balloon,Normal
587,"even though today I'm fasting, I'm sweeping the mop, I'm ready",Normal
588,"It's not your outfit that makes you look expensive, but yourself, your personality, and your attitude!",Normal
589,My cat zoo looks like it's about to be born last night. but how come the baby hasn't come out yet? I don't want to eat either :(,Normal
590,Where do you buy fireworks? Want to play fireworks at night takbiran,Normal
591,"My children were given a no limit theme, why are there other bg covers there are a lot of good songs if you don't make new songs",Normal
592,I love you mom,Normal
593,"Guys, can you give a recommendation for a blurry ig filter or not, it's the same as an aesthetic one. Thank you",Normal
594,"guys, what do you usually drink or exercise when you are late? ",Normal
595,how much is it?,Normal
596,Do you think manager will update again or not?,Normal
597,"If you lose weight, does it affect your menstrual cycle or not? I'm more than a week late and it's even more stressful",Normal
598,When will the one with the account wake up,Normal
599,"sorry, I should be silent. But I reply when there is a trigger.",Normal
600,What is that one text that makes your mind blowing?,Normal
601,"Excited....Last day of work coincides with iftar event..Alhamdulillah we will get money again, then holiday..yey",Normal
602,What kind of anime is very emotional !!,Normal
603,the co album itself is very expensive the shipping is gone.,Normal
604,remember me and bananas imagining levi being a policeman at the homecoming guard post and hanging on reckless... in the end they got into a fight...,Normal
605,can anyone fix the account or not? huhuhu please,Normal
606,let's prepare mentally,Normal
607,Where are my glasses?,Normal
608,Good morning army!! Want to remind about voting later,Normal
609,there's also a time starting at vote when to minimize the same questions in the base,Normal
610,I can't tell the difference between the truth and the lie,Normal
611,What's sad about going to the room today? Bills on me,Normal
612,"Share the pic, sorry for messing up the project.",Normal
613,Horror movie characters are stupid.,Normal
614,"Not in the mood, why not sleep for now",Normal
615,really good morning done reading a book,Normal
616,I'm not in a good mood that's why I'm too lazy to talk,Normal
617,"Yeayy, I've found a cafe to celebrate my birthday later.",Normal
618,"Fatimah is already wearing earrings, she's still a boy",Normal
619,"There's no schedule today, right?",Normal
620,"If you can't be good...Don't be bad...There, good or bad, right..Please don't change it..Satan's job.",Normal
621,"Be patient. :') remember, the installment hasn't been paid off yet.",Normal
622,"so proud of you guys, it's not in vain, I waited 5 years to get my 1st full album. You all deserve this. Thanks",Normal
623,Monday's turn feels like Sunday,Normal
624,telepathy?? Do you believe in it?,Normal
625,Yopo how to get rid of this sleep?,Normal
626,Looks like I'm sorry for the cause....,Normal
627,"""I'm proud to be married to you."" I said when I was expecting Koco",Normal
628,why are my friends bored with life,Normal
629,"I'm in pain from noon to night. I messaged at the new place, after that, I went to buy stuff and I got dizzy and dizzy for more than 2 hours.",Normal
630,"It's even more difficult to make people go out on a date and keep flirting, gosh, the author is single",Normal
631,At the age of 25 it is very important :. 1. Don't listen to what you don't need to hear. 2. Don't see what you don't need to see. 3. Don't talk if it's not important. 4. Don't find out what makes you hurt,Normal
632,"It's a lot of fun, my tweet just now is so good",Normal
633,"Life is full of rules, but keep following God's rules.",Normal
634,"My love for you, no matter how far or near, if Allah has determined that you are mine and you love me to death, I will love you forever",Normal
635,"If you accidentally follow someone, then press the sponsor link when you're looking at stories on Instagram",Normal
636,"Can't compete for quality, so yeah, play and report things that aren't important.",Normal
637,Don't be shy about losingstreaks when playing solo. Because your mentality is stronger than a party player.,Normal
638,"Papa mama asked me to continue school to the S2 level. Uh, they don't know where I want to go for S1 :). Things that are not supported by their parents are still there, you know :""",Normal
639,"Btw, is it really not available or what, I'm looking for the inception on spotify, how come it's not thereÖ",Normal
640,"I was praying that day, compared to the doc, the bakaq was poisoned. I felt like it was overflowing. How can it be fathom there!",Normal
641,Because it's as if nothing happened.... As if everything is fine.... Even though it's covered as perfectly as possible.. it can definitely be felt for those who have a conscience..,Normal
642,Surely the expedition will be full again... hopefully it can arrive on time,Normal
643,I want to make a baby. but I'm afraid I won't take care of it,Normal
644,"Don't explain yourself to anyone, because those who like you don't need that. And those who hate you don't believe it",Normal
645,"What's trending is wrong or not, because it's the letter i, not the number 1",Normal
646,Confused between defecating or sleeping,Normal
647,"It's really quiet, where is everybody?",Normal
648,"Let's go crazy together, let's have a good time!",Normal
649,Wake up dehydrated and drink immediately,Normal
650,Where's the tiktok context?,Normal
651,"those who don't use fb, their ass is tight",Normal
652,So far taxi drivers >>> mouse,Normal
653,First time art objects but never mind,Normal
654,"for the sake of my father, I don't take a day off",Normal
655,Want to be free?? ..Try to disguise yourself as a foreigner,Normal
656,I want to be fast but there are obstacles.,Normal
657,"I didn't make cakes at all, I just bought some snacks that my husband and I liked, the rest was sent by my mom. Just enjoy life.",Normal
658,Lost track.. maybe he's tired,Normal
659,Why are you opening the cupboard... it's not very polite,Normal
660,I want to buy goods without having to look at the price tag first!,Normal
661,I just feel like getting angry,Normal
662,only holiday on red date is real,Normal
663,The pain of body and soul I look back at the story of qabil kushry,Normal
664,"Allah has written in His notebook, Verily My mercy overcomes My wrath.",Normal
665,"Because I was asked about the block leave plan, I was really looking at the date and I just noticed that throughout June - October there is a 5-day red date every Tuesday.",Normal
666,"I'm waiting for Mark's aura on tiktok, the theme is divorce. The last time I read it was up to part 6 and damn it, I forgot to follow the account.",Normal
667,"I just realized that yesterday I haven't eaten at all all day! Just drinking water with Milo, I'm so busy taking care of my merchandise",Normal
668,"Well, like this, I've always been used to holding back hunger, so it's like fasting that wasn't intentional ",Normal
669,Almost forgot tomorrow there will be an ethnic midterm,Normal
670,It's a shame that people trade in the bazaar.,Normal
671,Ask for a life. There is a Japanese language examination. Can't forget.,Normal
672,"Liam, when he's in trouble, his job is to tease Rav... But when he's like this, he listens to a spiritual song.",Normal
673,"It's okay to be selfish once, right?",Normal
674,Have you safely reached home?,Normal
675,I can't want to tweet that I'm very respectable because there are people stalking,Normal
676,"What is the ruling on selling fake goods, lift 10, sell 90?",Normal
677,I want to go down as much as possible :(,Normal
678,"Duh, I hope it doesn't get fixed",Normal
679,Hiks want to watch but Whera doesn't want to be friends with me,Normal
680,"He was directed wrongly, left as he pleased. You bastard!",Normal
681,Oops I'm so dizzy I want this day to end,Normal
682,"drop the used accounts, that's healthy. verify all..",Normal
683,Conspiracy theories are of great interest to those who have trouble understanding a complicated world and don't have the patience for non-dramatic explanations.,Normal
684,"already in the shower, booommm",Normal
685,Where's my mood?,Normal
686,Oh Allah! Thanks you a lot,Normal
687,"So? No...You said you wanted peace, didn't you? Don't create hope. Don't try, you know in the end you won't be able to.",Normal
688,It took up to 2 hours to get dressed,Normal
689,It's also sad to see videos of out-of-town bus drivers who should be busy but now they don't have work :( until when will it continue like this,Normal
690,"My dick sucks, I want to be with you",Normal
691,"It's hard to breathe... when I walk to the elevator, if I want to go up, I can calm down..",Normal
692,They do not care from were youre started. They saw of how you end it.,Normal
693,"Even though I'm still young, but one by one the heroes in my wallet have started to disappear",Normal
694,"Have you ever pretended to be happy, because you really want to be happy but you can't:)",Normal
695,"And when we can accept everything with sincerity, then we will get a quiet life.",Normal
696,High School Musical is really cool,Normal
697,"Until now, I haven't read the dictation, so I'm confused",Normal
698,"If you have to work with an architect like this, I guess. There's just something to get tired of.",Normal
699,"Every time there is a college assignment.. Me : Do it right now anyway. Also Me : Ah, it's still a long time, I'll do it later..",Normal
700,"It's weird that you like to bring augmented reality characters to real life, I didn't know before",Normal
701,"Tonight, guidance again, God is happy",Normal
702,Usually use a clock. Forget it doesn't feel like something is missing,Normal
703,My lips are bleeding from the mouth,Normal
704,"Early in the morning, after the duck ride, I want to share this CPO chart, it looks interesting",Normal
705,His body is all sore.. I hope I don't have my period until Eid,Normal
706,"Have you ever thought about someone because you missed someone, and didn't realize you were crying. Then the next day that person chatted suddenly, how did you react?",Normal
707,"If you sell the album, you will lose 20% but the condition is still sealed, do you think it will sell? I want to order another album set that has a box, because",Normal
708,really canceled this famous author,Normal
709,"Which one can't be confident, but it's okay to share, we hope so that we can be hurt again",Normal
710,"So rich people especially gut luking is delicious, making mistakes is quickly forgiven especially using a classification video, let's clarify",Normal
711,It's not in vain that I cosplay as a referee,Normal
712,It's different.,Normal
713,greetings from me...,Normal
714,"It's already the second dream, how come it seems so real with the name princess??",Normal
715,Am I the only one who doesn't like using phasmina?,Normal
716,Don't look for a boyfriend from twitter.,Normal
717,China is really bothering people... it's already mutated and the viruses are spreading by themselves...,Normal
718,"hi, can you help me tag my account or not?",Normal
719,"Don't be jealous of other people's success, know that they are there because of determination and hard work.",Normal
720,"Guys, I want to transfer. I'll follow it later using the other acc, but the acc is still limited to 12 hours",Normal
721,"What distinguishes humans from animals is reason, science and morality",Normal
722,Looks like I'll be using Kai's version of Youngblood's song for a repeat of Bing's singing practice,Normal
723,Animals have reason or not.....people don't have sense. They don't have morals,Normal
724,I'm really tired of talking to people who insist but it's wrong,Normal
725,We need to love each other,Normal
726,"The dream is weird. but glad too see you mii. In my dream, I still think you're just smiling, haha, be patient, I have a friend, my cake",Normal
727,"His name has a new life, I really don't want to ride with my parents or in-laws... let me be independent hehehe",Normal
728,You are only my lover friend,Normal
729,"Just keep on blaming me, as if in this relationship you're the only one struggling alone!",Normal
730,"Delivery is again overloaded, where the package has not arrived at the drop point.",Normal
731,have you had breakfast yet?,Normal
732,Morning. What scorpion partner? Yup that's right he is a scorpion queen,Normal
733,"what makes you tired? No need to answer right away, let's be mutual",Normal
734,"Seeing the sunny weather this morning after it rained for 4 days, mothers were excited to take out the laundry and take action, after that they smiled with relief looking at the clothesline in the hot sun",Normal
735,"Alhamdulillah, this year I feel like Eid with my family again",Normal
736,"I was told by my aunt to persuade her child to enter the department she wanted.... Well, auntie, it didn't work, how about me :(",Normal
737,"Never met but dream of holding hands, you're stupid",Normal
738,"I didn't wake up, I was a bit surprised to see the clock I thought it was 8 o'clock, apparently it's still 7 o'clock and ended up dizzy and unsteady. I do have low blood pressure",Normal
739,"If he doesn't want it, then you don't have to force it",Normal
740,Kde dil de Warke fol ve utte. Mera naan ta nhi likhya.Kde dil de Warke fol √¢ √¢,Normal
741,"if there was a man who said to me like this: ""I'm ready to wait for you until your education is finished"".. sksk how happy my heart is",Normal
742,Scrambles egg is good. Delicious,Normal
743,We love messi & maradona,Normal
744,"At the end, please give a room at the tailor to sew your own clothes...",Normal
745,This year Argentina is hot favorite,Normal
746,"If you want to buy gasoline, you have money ready in your jacket pocket, when you arrive at the gas station, usually the money is not there, the big ones run away, the small ones don't do good :(",Normal
747,"I was crying last night before going to bed, random feeling, I don't know why 24 years of life doesn't seem like there's anything to make my parents happy",Normal
748,One really becomes strong.. when one wants to protect someone precious.,Normal
749,when will i not sleep?,Normal
750,my mood playing has gone down again,Normal
751,morning. Has anyone woken up yet?,Normal
752,Yeayy I have no limit,Normal
753,As if in pain but not aware,Normal
754,Ordinary people thought of targets as exhausting burdens. Extraordinary people turn burdens into exciting targets!,Normal
755,"I'm ugly like this, I've never been in a relationship",Normal
756,"Seriously crazy.. looking at SG, old friends or new friends are jealous and insecure..",Normal
757,"imagine you want to commit suicide, but you don't want suicide",Normal
758,"A lot of work but planned, it's okay. .A lot of work but no design, that's not good.",Normal
759,Overwhelmed!!! I want to burst my head,Normal
760,"I want to rest but I'm lazy, hahahaha, it's not that bad",Normal
761,I wanna make you food,Normal
762,I don't like fickle men,Normal
763,What the heck is this!,Normal
764,I'm so happy my son is back,Normal
765,25 years old is still alive! amen,Normal
766,Tired of fighting because of low menstruation,Normal
767,"Oh my God, can I ask for your autograph? Hope it's not too much to ask.",Normal
768,"In the afternoon, the intention to skip guidance is getting bigger",Normal
769,beautiful beach in kuta tonight,Normal
770,good morning my best friendÖ ah it's ticklish already....,Normal
771,"For balance, I will close this afternoon / evening or not tomorrow",Normal
772,"Hurry up today, hurry up the day ends",Normal
773,"I'm really sorry, those who feel are below my level",Normal
774,"Anxiety, stress, selfharm affect your face or not? I'm afraid that skincare is already expensive, why is my face suddenly?",Normal
775,"A person's mouth is the storehouse of their treasury and their lips are the key, and their teeth are their claws.",Normal
776,"When someone opens the door of his convenience store, it will be clear to you the good and the bad.",Normal
777,Either it's not cool or I don't meet physical standards :),Normal
778,"just after school, I'm so tired",Normal
779,The team is playing really well this time but still has a long way to go,Normal
780,I really can't control my emotions,Normal
781,Just say you want to be thick.. It's amused to read.,Normal
782,"If you invite someone to interact and they respond in an unpleasant way, don't immediately swear on something bad, bro. ",Normal
783,"I'm an intern, have the privilege as I graduated early.",Normal
784,"This beauty of yours is given, because money can be found but a partner like me who really likes you is very difficult to get.",Normal
785,"If there is a young man with an uneasy expression on his face and feelings, it is certain that he might be a student",Normal
786,"Oh my goodness, where are you afraid that the virus is getting fiercer.",Normal
787,How come lalamove is cheap now????,Normal
788,"Whether it's the jealousy that has been feeling sad for a long time. Or the longing that has been shy for a long time, then?",Normal
789,"I want to make a casket, my holiday is very productive",Normal
790,It's time and cost-effective (I don't have any problems with costs). But I'm confused whether to take it or not,Normal
791,"It could be that he's in a bad mood, and you happen to be the one who invites him to interact. If he intends to reply sufficiently, he will reply because you ask a lot of questions. :)",Normal
792,The ending is worth it. are you satisfied or not? Now back to business,Normal
793,"Guys, try to check the template first please.",Normal
794,It was very fun hearing the lecture about delivery,Normal
795,"I often get ghosted by people now, so I follow people ghosting haha",Normal
796,"This time, just lie down at the camping site until it opens",Normal
797,"Other people are busy for narrowing, UIA is busy for class.",Normal
798,But I am confused as I'm ashamed of myself,Normal
799,Hope all is well,Normal
800,I want to buy Jisung's version of the jewel case but my wallet is screaming and hasn't been filled yet,Normal
801,"I swear I'm afraid of baper with Twitter kids, I'm a little doubtful about that",Normal
802,Women with all their fragility and complexity.,Normal
803,"good morning bestie, excited for today",Normal
804,"I was vaccinated, how did it taste?",Normal
805,Why am I always good at humiliating myself,Normal
806,Remember when I used to admire the serene beauty of the mountains,Normal
807,we have to connect to get connected power,Normal
808,"Just because you see I'm strong enough to handle pain, doesn't mean I deserve to be hurt.",Normal
809,How do you pin that person's tweet?,Normal
810,"Actually, it feels really weird in the stomach like someone is kicking. ",Normal
811,"A pleasant miracle happened to me today, amen... Because nothing is impossible for you Lord",Normal
812,"Change battery, this one isn't working anymore",Normal
813,All this time I thought mew kissed his shoulder,Normal
814,sorry that my family who have heard me falling down feelin up you want it,Normal
815,Now I just live with what's in front of my eyes.... Don't complicate the point,Normal
816,Sleepy and not in the mood to work,Normal
817,"Hi, I'm opening a special club. price is below for friends. anyone want to join?",Normal
818,"""The fetus is only 2 months old and has kicked."" . Between you crying and you laughing",Normal
819,Has anyone rented a core i7 laptop with 16gb ram solo area for personal use for 2 weeks? ,Normal
820,Hope is a good thing may be the best of things and no good thing ever dies,Normal
821,I get turn on with guys who are good at cooking. can you be my husband? Ha ha,Normal
822,Yeah babe I will coming and I am excited,Normal
823,"I'm so tired, aren't you?",Normal
824,Do you know what stores are there students who are willing to rent casettes?,Normal
825,Who here has 100% exchanged to Telegram instead of using WhatsApp. Anyone?,Normal
826,Purple has not been used since the green-green merger.,Normal
827,let's clean up first so we can relax later in the afternoon,Normal
828,those who have memes are tight for dong,Normal
829,Selfie competition keeps you sleepy,Normal
830,I don't understand this world.. the old t-shirts are used as crop tops,Normal
831,Oh ho I got scolarship,Normal
832,"I got GPA 5.00, is it enough?",Normal
833,"Excuse me, can the green account please tag me? thanks in advance",Normal
834,"Geology is bad, bro?",Normal
835,"I'm excited to buy glass from outside the city.. There's a guarantee, but it's still slow when you have to switch goods. Easy safe",Normal
836,"I thought my life would be empty. I just remembered that : am I a werewolf? Nah, dreaming. I'm very satisfied",Normal
837,This chubby girl when she's skinny she's more beautiful than everyone,Normal
838,It's so cold I swear my hands are getting numb,Normal
839,I ask Chelsea for La Arsenel to win on Thursday so that fans will feel that there is still little hope for qualifying for Europe until the last game of the season,Normal
840,The most absurd dream for this time but I can't remember exactly what!,Normal
841,"want to win at the stall, bro",Normal
842,I saw it and I wanted to eat myself,Normal
843,Waking up feeling stuck is a bit scary huh,Normal
844,I'm afraid that the sweet potato is not good to eat,Normal
845,Does anyone have a photo of Takai and Nina that is in the same frame?,Normal
846,Ya Allah let our brothers and sisters enjoy the end of Ramadan solemnly and let them welcome Eid Al-Fitr happily.,Normal
847,"wake up in the morning, brush your teeth, wash your face, don't take a shower...",Normal
848,"if after this you don't fix the real unit, you're really stupid",Normal
849,"O Allah, life's toughest trial is about to begin. Give me strength",Normal
850,"the point is you can't hold on to problems so you don't feel the stupidest in class, even though a lot of other people also feel the same thing, they just know how to cover it up.",Normal
851,"I'm hungry, I'll eat first, bestie",Normal
852,I don't have any fear and I feel like I just hit the limit yesterday,Normal
853,"I dreamed of being in the same dorm as Chan. Then I took a very long nap and was dazed. When I woke up, I saw the sky was clear.",Normal
854,The main key is being able to survive online lectures and being honest with yourself and having friends to talk to. ,Normal
855,luckily mom thought I was just commenting with bing. hahahaha,Normal
856,"Since yesterday, I wanted to do image work, there's a problem, today I want to print out all the lecture notes. I don't see it right away. ",Normal
857,this is the first time I feel like a normal girl,Normal
858,Heyy i miss darling :(( Where are you :((,Normal
859,G-Dragon's childhood friend is Super Junior's Kangin,Normal
860,Suddenly want blonde hair,Normal
861,Lucky to have a special voting account,Normal
862,"having a love triangle relationship between the cave, the bolster and the mattress feels really comfortable",Normal
863,I just really want to go home,Normal
864,"It's really weird, Toyota Indonesia's marketing director, wow, what's wrong with these people, don't you understand cars?",Normal
865,Why do you want to use the wet bag for the dry wastes?,Normal
866,Good morning everyone! Have a nice day ahead,Normal
867,"My guy wants to wash his shoes, please drop them at the workshop. We are waiting for your presence",Normal
868,This is the first time facing Pisces. Extra causious.,Normal
869,just woke up :( good morning,Normal
870,"It's enough for the THR to be divided, don't worry about your heart, okay?",Normal
871,"The Governor of East Java expressed his appreciation, bcoz the Regent for conveying in detail. Today the agricultural sector really needs to adapt to agricultural technology as well as the fisheries sector",Normal
872,"The dog's turn is already on the train, he's asked to come later",Normal
873,Oneus is crying for his baby picture . Geez,Normal
874,Have got a very itchy throat! :(,Normal
875,Earth's home? Where do you mean? Or is there a name for Earth's house?,Normal
876,"Everyone is fighting for my netflix, I'll serve it, you guys are smart, the important thing is don't bother my profile",Normal
877,I'm so tired of talking to random strangers.,Normal
878,We are a pair of shoes. Always together can't be together. We die like soulless. Move because of human feet,Normal
879,"Why did au au renhyuck end, oh God",Normal
880,ah pota midterm exam na sarap mamatai tho,Normal
881,watching nano which is s2 hours is ok or not?,Normal
882,"Just come, let's have sahur, melbu kerjo, take my motorbike, let's take a pill",Normal
883,"hi i just woke up, will be downstairs in a minute.",Normal
884,"once again said fierce. google, how to be not fierce?",Normal
885,"People have to spend a credit card on the member they choose, people will forget that if we spend the money card, the card owner will get an SMS",Normal
886,"Regret of people playing stocks/crypto, I bought it earlier, then I sold it.",Normal
887,tired of being hung by feelings that I shouldn't expect from him because he never expected me to come back,Normal
888,"I just woke up, what do you want dad?",Normal
889,"It's really a gabut that's all day long, it's been 2 years of Eid here, let's see, my friend..",Normal
890,Tomorrow will be a good day.. Amen,Normal
891,A photo of you being hit by poverty,Normal
892,How long does the 1 big strabucks coffee cup last?,Normal
893,The best way to keep making steps towards success is to always renew dreams.,Normal
894,when will you want this? Wednesday?,Normal
895,I'm so cranky that I can't sleep.... my gosh...,Normal
896,Just thankful to god for everything,Normal
897,It's worth not buying an airpod pro. But already bought. Haha,Normal
898,Green day is love,Normal
899,love is all part of a game played by 2 or more people,Normal
900,"It's getting worse and worse, I suddenly feel swelled",Normal
901,What color is the theme for your clothes?..Me: brown :D,Normal
902,"The ban on going home is not the same as the ban on going abroad. Except, abroad it is regulated by the country.",Normal
903,there is something I forgot.. but what......,Normal
904,"At the age of 25, I am still strong in living my life with all its problems. Thank God",Normal
905,"For sure, those who sell hampers will be happy because they get orders. Yes, I'll be happy if it's me. Those who receive it will also be happy because they get attention from their family, friends or colleagues.",Normal
906,are you on a vacation?,Normal
907,"my college friend wish happy bday, to miss college",Normal
908,"I don't know this poor person, people are busy protesting this!!",Normal
909,what's happier than waking up and seeing dreamies million seller,Normal
910,We love you tooo,Normal
911,"does anyone have a list, is it okay to vote on it? thanks bf!",Normal
912,These people are very careful,Normal
913,"My brother, Sonu, is the new owner of the farm",Normal
914,Like you want to fool yourself,Normal
915,where are you?,Normal
916,"Come on, just want a drama",Normal
917,"you need to take health insurance, while still young, right...",Normal
918,The night is still young and gorgeous,Normal
919,The important thing is to put in the effort,Normal
920,Bulmera has green hair. Eww!,Normal
921,"Until now, I'm still amazed by the efforts of kids for this project...Hopefully there will be good news tomorrow.",Normal
922,wake me up why it's getting late,Normal
923,"If you have to choose between me and him, choose him. Because if you really love me, there will be no other choice.",Normal
924,Doing fasting until the great comeback,Normal
925,"solo booth, it's better if you all go far away sis",Normal
926,"that's a lot of pretentious effort. until now, the work is not clear. But after being bullied by netizens, there are many who are fans of him.",Normal
927,Oh very tired right.,Normal
928,Pls comeback after this announcement,Normal
929,"The most adorable robot, robot just to deliver food, bye already",Normal
930,I'm really proud of you and dreamies it gives me goosebumps,Normal
931,"hello help tag this account, this sick account",Normal
932,"When will I have my own business at home, not working with people now. What's on hold",Normal
933,keep chasing until you die :),Normal
934,"Trying to experiment again.. if you deact red account, it will be green or not",Normal
935,"I'm doing an order for 150pcs burgers for tonight, tomorrow 70pcs, Wednesday 100pcs. smooth, good luck amen",Normal
936,"Busy and messy about the archeology insight test.... In the past, there wasn't any..But now it's too much pressure",Normal
937,"Seriously, I'm really sleepy. but i miss him",Normal
938,I have a friend who just can't be trusted at all,Normal
939,Eh.. When was the last time your dad came home?,Normal
940,"Mom! the bus is going really fast, like reeeaallyyy",Normal
941,Lambert is going back to the gangs to enlist? A little bit,Normal
942,woke up late on monday... I'm so not happy,Normal
943,"I'm sluggish, I don't match or what?",Normal
944,"Marina, why does it open the shelves in the afternoon?",Normal
945,"People who don't follow me, how about they mute my acc . Because there are a lot of spam on people these days",Normal
946,"It's true that dreams of sleeping after dawn are the most random, earlier I dreamed that you were participating in a cooking competition",Normal
947,"Tired.. really.. really, tired! Don't want to give it up..",Normal
948,"Happy Mother's Day to my mother, your mother and our future mothers. Eh",Normal
949,A friend is the one who saved me from the hell called loneliness,Normal
950,"If I go out, I don't see the phone, so I have to go out every day?",Normal
951,"The offline meeting is good, you can cut or return the conversation directly, without being constrained by your turn to talk and the internet network.",Normal
952,"If you're the kind to praise yourself, it's hard for you to know people",Normal
953,Just buy new tires. What are you even thinking so much for!,Normal
954,There are many things to tell. It's just the listeners who don't exist,Normal
955,"When the one who leaves gives you 100 reasons to cry, show him that you have 1000 reasons to smile.",Normal
956,"Remember to always be on TV, the one with the title Tiri is cruel. Apparently the one in my house is the same",Normal
957,I'm tired of you disappearing haha,Normal
958,Finally the eyes can be closed after taking a small sip of insect repellent. night..,Normal
959,I'm late again even though I'm already online class via chat...... bye.,Normal
960,"I want the vaccine, but I'm fasting and I wasn't in the morning, is that good?",Normal
961,"I hope that with 1.71 million sellers of Dreamies, SM will open their eyes to see the potential of Dreamies and not waste it anymore",Normal
962,"Have you ever panicked, your friend of the opposite sex has changed his attitude towards you, so he looks at you as a girl, not as a friend of the opposite sex.",Normal
963,"I want to rename inop first, inopcups looks like necstar",Normal
964,"bro, work is fun, just want my material hahahaha",Normal
965,Why do ideas have to come at bedtime?,Normal
966,Thank God.,Normal
967,Indonesian boys don't have medicine,Normal
968,again not according to expectations,Normal
969,How awesome is that dictation,Normal
970,Dobby is really cute,Normal
971,"trends for you, why don't you die, I'm tired of pressing that on you",Normal
972,How dare he wear a handbag like that when he rides a motorbike. His handbag isn't even cans.,Normal
973,When will my package be shipped? It's been days already,Normal
974,"look at the team, how many pts can you get once you play :)",Normal
975,"No need to show off about the existing reality. Later, when the harsh reality hits, you will know the feeling. I'm afraid no one will help.",Normal
976,"I don't know how long I will fall into lust, nor will my time limit be. I might pretend that I don't know that death can come to me at any time. So negligence becomes number one.",Normal
977,"How to make old people realize that working underpaid under 'gov' vs good salary in 'private sector' actually have pros and cons? Please explain later, with the current situation.",Normal
978,indeed everyone is sleepy to the story this morning,Normal
979,How many years did I get this year?,Normal
980,"May 10th, whose birthday is it, I don't remember, I still don't remember. It turns out to be my father's birthday which my mother remembers",Normal
981,"Even when I was on school leave, I didn't ask, it wasn't a mess. I'll ask the person working and look for it using previous data.",Normal
982,it's on MP3! the jp server doesn't watch commercials,Normal
983,"In writing this ad, just diversify your content so you can see different statistics and data... What works, continue. What didn't work, pause the ads.",Normal
984,"Friends are those who understand, trust, share, and forgive each other. Those who are always faithful through good times and bad.",Normal
985,gosh the hospital playlist song sung by bongbom,Normal
986,"Does anyone have a script gang? It's like complaining, asking questions, having trial sessions together. The one from the beginning of the idea to the end of the graduation.",Normal
987,hey it's not official right? June or not,Normal
988,"half a million to buy comics, it's like getting scolded",Normal
989,"Dream of watching Wonpil's musical but live, piri is really there.",Normal
990,"I'm sure today's class will be long, but it's okay we'll manage",Normal
991,"Chang is actually a cat, you knew that?",Normal
992,"for a while, I haven't taken a shower yet",Normal
993,tired of doing the finished task even for our relationship,Normal
994,"There are no principles! Orphanage people are asking for donations. I know I'm very sensitive to the doorbell, I'm still sleeping and dreaming I'm jumping.",Normal
995,"Yes, you are the most communist manifesto already",Normal
996,"still admire, even though it doesn't have the potential to have.",Normal
997,The kite has flown. Wait pigeons can help right?,Normal
998,Can you wash it?,Normal
999,Is there anything I can leave for my day's snacks?,Normal
1000,"I've gained weight I thought I was fat, it's you in my heart :)",Normal
